elapsed_s,timestamp,ground_truth,estimated_distance,new_messages,poll_bit_errors,poll_bits_sent,poll_ber,cumulative_bit_errors,cumulative_bits_sent,cumulative_ber,cumulative_messages,cumulative_exact_matches,cumulative_packet_success_rate,resync_errors,missed_start_pulses,edge_threshold
0.0,2026-08-02T15:38:18,Hello world!,Pending ML Model (TBD),5,9,480,0.01875,9,480,0.01875,5,3,0.6,28,174,1199
3.0,2026-08-02T15:38:21,Hello world!,Pending ML Model (TBD),1,0,96,0.0,9,576,0.015625,6,4,0.6666666666666666,28,174,1432
6.0,2026-08-02T15:38:24,Hello world!,Pending ML Model (TBD),1,0,96,0.0,9,672,0.013392857142857142,7,5,0.7142857142857143,28,174,1455
9.0,2026-08-02T15:38:27,Hello world!,Pending ML Model (TBD),0,0,0,,9,672,0.013392857142857142,7,5,0.7142857142857143,28,174,1455
12.0,2026-08-02T15:38:30,Hello world!,Pending ML Model (TBD),0,0,0,,9,672,0.013392857142857142,7,5,0.7142857142857143,28,174,1455
15.0,2026-08-02T15:38:33,Hello world!,Pending ML Model (TBD),1,96,96,1.0,105,768,0.13671875,8,5,0.625,28,174,1418
18.0,2026-08-02T15:38:36,Hello world!,Pending ML Model (TBD),1,8,96,0.08333333333333333,113,864,0.13078703703703703,9,5,0.5555555555555556,28,174,1201
21.0,2026-08-02T15:38:39,Hello world!,Pending ML Model (TBD),0,0,0,,113,864,0.13078703703703703,9,5,0.5555555555555556,28,174,1201
24.0,2026-08-02T15:38:42,Hello world!,Pending ML Model (TBD),1,0,96,0.0,113,960,0.11770833333333333,10,6,0.6,28,174,1440
27.0,2026-08-02T15:38:45,Hello world!,Pending ML Model (TBD),1,8,96,0.08333333333333333,121,1056,0.11458333333333333,11,6,0.5454545454545454,28,181,1430
30.0,2026-08-02T15:38:48,Hello world!,Pending ML Model (TBD),1,0,96,0.0,121,1152,0.10503472222222222,12,7,0.5833333333333334,28,181,1241
33.0,2026-08-02T15:38:52,Hello world!,Pending ML Model (TBD),0,0,0,,121,1152,0.10503472222222222,12,7,0.5833333333333334,28,181,1241
36.0,2026-08-02T15:38:54,Hello world!,Pending ML Model (TBD),1,8,96,0.08333333333333333,129,1248,0.10336538461538461,13,7,0.5384615384615384,28,181,1470
39.0,2026-08-02T15:38:57,Hello world!,Pending ML Model (TBD),1,0,96,0.0,129,1344,0.09598214285714286,14,8,0.5714285714285714,28,181,1416
42.0,2026-08-02T15:39:00,Hello world!,Pending ML Model (TBD),0,0,0,,129,1344,0.09598214285714286,14,8,0.5714285714285714,28,181,1416
45.0,2026-08-02T15:39:03,Hello world!,Pending ML Model (TBD),1,8,96,0.08333333333333333,137,1440,0.09513888888888888,15,8,0.5333333333333333,28,181,1421
48.0,2026-08-02T15:39:06,Hello world!,Pending ML Model (TBD),1,0,96,0.0,137,1536,0.08919270833333333,16,9,0.5625,28,181,1426
51.0,2026-08-02T15:39:09,Hello world!,Pending ML Model (TBD),1,0,96,0.0,137,1632,0.08394607843137254,17,10,0.5882352941176471,28,181,1435
54.0,2026-08-02T15:39:12,Hello world!,Pending ML Model (TBD),0,0,0,,137,1632,0.08394607843137254,17,10,0.5882352941176471,28,181,1435
57.0,2026-08-02T15:39:15,Hello world!,Pending ML Model (TBD),1,0,96,0.0,137,1728,0.07928240740740741,18,11,0.6111111111111112,29,185,1104
60.0,2026-08-02T15:39:18,Hello world!,Pending ML Model (TBD),1,8,96,0.08333333333333333,145,1824,0.07949561403508772,19,11,0.5789473684210527,29,185,1421
63.0,2026-08-02T15:39:21,Hello world!,Pending ML Model (TBD),1,0,96,0.0,145,1920,0.07552083333333333,20,12,0.6,29,185,1311
66.0,2026-08-02T15:39:24,Hello world!,Pending ML Model (TBD),0,0,0,,145,1920,0.07552083333333333,20,12,0.6,29,185,1311
69.0,2026-08-02T15:39:27,Hello world!,Pending ML Model (TBD),1,1,96,0.010416666666666666,146,2016,0.07242063492063493,21,12,0.5714285714285714,29,185,1476
72.0,2026-08-02T15:39:30,Hello world!,Pending ML Model (TBD),1,0,96,0.0,146,2112,0.06912878787878787,22,13,0.5909090909090909,29,185,1272
75.0,2026-08-02T15:39:34,Hello world!,Pending ML Model (TBD),0,0,0,,146,2112,0.06912878787878787,22,13,0.5909090909090909,29,185,1272
78.0,2026-08-02T15:39:36,Hello world!,Pending ML Model (TBD),1,0,96,0.0,146,2208,0.0661231884057971,23,14,0.6086956521739131,29,185,1501
81.0,2026-08-02T15:39:39,Hello world!,Pending ML Model (TBD),1,0,96,0.0,146,2304,0.06336805555555555,24,15,0.625,29,185,1408
84.0,2026-08-02T15:39:42,Hello world!,Pending ML Model (TBD),1,8,96,0.08333333333333333,154,2400,0.06416666666666666,25,15,0.6,29,185,1439
87.0,2026-08-02T15:39:45,Hello world!,Pending ML Model (TBD),0,0,0,,154,2400,0.06416666666666666,25,15,0.6,29,185,1439
90.0,2026-08-02T15:39:48,Hello world!,Pending ML Model (TBD),1,0,96,0.0,154,2496,0.06169871794871795,26,16,0.6153846153846154,29,185,1472
93.0,2026-08-02T15:39:51,Hello world!,Pending ML Model (TBD),1,8,96,0.08333333333333333,162,2592,0.0625,27,16,0.5925925925925926,29,185,1431
96.0,2026-08-02T15:39:54,Hello world!,Pending ML Model (TBD),1,0,96,0.0,162,2688,0.060267857142857144,28,17,0.6071428571428571,29,185,1249
99.0,2026-08-02T15:39:57,Hello world!,Pending ML Model (TBD),0,0,0,,162,2688,0.060267857142857144,28,17,0.6071428571428571,29,185,1249
102.0,2026-08-02T15:40:00,Hello world!,Pending ML Model (TBD),1,0,96,0.0,162,2784,0.05818965517241379,29,18,0.6206896551724138,29,185,1455
105.0,2026-08-02T15:40:03,Hello world!,Pending ML Model (TBD),0,0,0,,162,2784,0.05818965517241379,29,18,0.6206896551724138,29,185,1455
108.0,2026-08-02T15:40:06,Hello world!,Pending ML Model (TBD),0,0,0,,162,2784,0.05818965517241379,29,18,0.6206896551724138,29,185,1455
111.0,2026-08-02T15:40:09,Hello world!,Pending ML Model (TBD),1,96,96,1.0,258,2880,0.08958333333333333,30,18,0.6,29,185,1473
114.0,2026-08-02T15:40:13,Hello world!,Pending ML Model (TBD),1,8,96,0.08333333333333333,266,2976,0.08938172043010753,31,18,0.5806451612903226,30,190,1426
117.0,2026-08-02T15:40:16,Hello world!,Pending ML Model (TBD),1,0,96,0.0,266,3072,0.08658854166666667,32,19,0.59375,30,190,1347
120.0,2026-08-02T15:40:18,Hello world!,Pending ML Model (TBD),0,0,0,,266,3072,0.08658854166666667,32,19,0.59375,30,190,1347
123.0,2026-08-02T15:40:21,Hello world!,Pending ML Model (TBD),1,8,96,0.08333333333333333,274,3168,0.08648989898989899,33,19,0.5757575757575758,31,194,1429
126.0,2026-08-02T15:40:24,Hello world!,Pending ML Model (TBD),1,0,96,0.0,274,3264,0.08394607843137254,34,20,0.5882352941176471,31,194,1417
129.0,2026-08-02T15:40:27,Hello world!,Pending ML Model (TBD),0,0,0,,274,3264,0.08394607843137254,34,20,0.5882352941176471,31,202,1008
132.0,2026-08-02T15:40:30,Hello world!,Pending ML Model (TBD),1,8,96,0.08333333333333333,282,3360,0.08392857142857142,35,20,0.5714285714285714,31,202,1444
135.0,2026-08-02T15:40:33,Hello world!,Pending ML Model (TBD),1,0,96,0.0,282,3456,0.08159722222222222,36,21,0.5833333333333334,31,202,1420
138.0,2026-08-02T15:40:36,Hello world!,Pending ML Model (TBD),1,1,96,0.010416666666666666,283,3552,0.07967342342342343,37,21,0.5675675675675675,31,202,1228
141.0,2026-08-02T15:40:39,Hello world!,Pending ML Model (TBD),0,0,0,,283,3552,0.07967342342342343,37,21,0.5675675675675675,31,202,1228
144.0,2026-08-02T15:40:42,Hello world!,Pending ML Model (TBD),1,0,96,0.0,283,3648,0.07757675438596491,38,22,0.5789473684210527,31,202,1444
147.0,2026-08-02T15:40:45,Hello world!,Pending ML Model (TBD),1,0,96,0.0,283,3744,0.07558760683760683,39,23,0.5897435897435898,31,202,1394
150.0,2026-08-02T15:40:48,Hello world!,Pending ML Model (TBD),1,0,96,0.0,283,3840,0.07369791666666667,40,24,0.6,31,202,1436
153.0,2026-08-02T15:40:51,Hello world!,Pending ML Model (TBD),0,0,0,,283,3840,0.07369791666666667,40,24,0.6,31,202,1436
156.0,2026-08-02T15:40:54,Hello world!,Pending ML Model (TBD),1,8,96,0.08333333333333333,291,3936,0.07393292682926829,41,24,0.5853658536585366,31,202,1477
159.0,2026-08-02T15:40:57,Hello world!,Pending ML Model (TBD),1,0,96,0.0,291,4032,0.07217261904761904,42,25,0.5952380952380952,31,202,1381
162.0,2026-08-02T15:41:00,Hello world!,Pending ML Model (TBD),0,0,0,,291,4032,0.07217261904761904,42,25,0.5952380952380952,31,211,1211
165.0,2026-08-02T15:41:03,Hello world!,Pending ML Model (TBD),1,8,96,0.08333333333333333,299,4128,0.07243217054263566,43,25,0.5813953488372093,31,211,1464
168.0,2026-08-02T15:41:06,Hello world!,Pending ML Model (TBD),1,0,96,0.0,299,4224,0.07078598484848485,44,26,0.5909090909090909,32,212,1402
171.0,2026-08-02T15:41:09,Hello world!,Pending ML Model (TBD),1,8,96,0.08333333333333333,307,4320,0.07106481481481482,45,26,0.5777777777777777,32,212,1434
174.0,2026-08-02T15:41:12,Hello world!,Pending ML Model (TBD),0,0,0,,307,4320,0.07106481481481482,45,26,0.5777777777777777,32,212,1434
177.0,2026-08-02T15:41:15,Hello world!,Pending ML Model (TBD),1,0,96,0.0,307,4416,0.06951992753623189,46,27,0.5869565217391305,32,212,1442
180.0,2026-08-02T15:41:18,Hello world!,Pending ML Model (TBD),1,8,96,0.08333333333333333,315,4512,0.06981382978723404,47,27,0.574468085106383,32,212,1439
183.0,2026-08-02T15:41:21,Hello world!,Pending ML Model (TBD),0,0,0,,315,4512,0.06981382978723404,47,27,0.574468085106383,32,212,1439
186.0,2026-08-02T15:41:24,Hello world!,Pending ML Model (TBD),1,0,96,0.0,315,4608,0.068359375,48,28,0.5833333333333334,32,220,1278
189.0,2026-08-02T15:41:27,Hello world!,Pending ML Model (TBD),1,8,96,0.08333333333333333,323,4704,0.06866496598639456,49,28,0.5714285714285714,32,220,1457
192.0,2026-08-02T15:41:30,Hello world!,Pending ML Model (TBD),1,0,96,0.0,323,4800,0.06729166666666667,50,29,0.58,32,220,1251
195.0,2026-08-02T15:41:33,Hello world!,Pending ML Model (TBD),0,0,0,,323,4800,0.06729166666666667,50,29,0.58,32,220,1251
198.0,2026-08-02T15:41:36,Hello world!,Pending ML Model (TBD),1,0,96,0.0,323,4896,0.06597222222222222,51,30,0.5882352941176471,32,220,1376
201.0,2026-08-02T15:41:39,Hello world!,Pending ML Model (TBD),1,8,96,0.08333333333333333,331,4992,0.06630608974358974,52,30,0.5769230769230769,33,220,1461
204.0,2026-08-02T15:41:43,Hello world!,Pending ML Model (TBD),1,0,96,0.0,331,5088,0.06505503144654089,53,31,0.5849056603773585,33,220,1413
207.0,2026-08-02T15:41:45,Hello world!,Pending ML Model (TBD),0,0,0,,331,5088,0.06505503144654089,53,31,0.5849056603773585,33,220,1413
210.0,2026-08-02T15:41:48,Hello world!,Pending ML Model (TBD),1,8,96,0.08333333333333333,339,5184,0.06539351851851852,54,31,0.5740740740740741,34,225,1431
213.0,2026-08-02T15:41:51,Hello world!,Pending ML Model (TBD),1,0,96,0.0,339,5280,0.06420454545454546,55,32,0.5818181818181818,34,225,1464
216.0,2026-08-02T15:41:54,Hello world!,Pending ML Model (TBD),1,8,96,0.08333333333333333,347,5376,0.06454613095238096,56,32,0.5714285714285714,34,225,1294
219.0,2026-08-02T15:41:57,Hello world!,Pending ML Model (TBD),0,0,0,,347,5376,0.06454613095238096,56,32,0.5714285714285714,34,225,1294
222.0,2026-08-02T15:42:00,Hello world!,Pending ML Model (TBD),1,0,96,0.0,347,5472,0.06341374269005848,57,33,0.5789473684210527,34,225,1518
225.0,2026-08-02T15:42:03,Hello world!,Pending ML Model (TBD),1,0,96,0.0,347,5568,0.06232040229885057,58,34,0.5862068965517241,34,225,1285
228.0,2026-08-02T15:42:06,Hello world!,Pending ML Model (TBD),0,0,0,,347,5568,0.06232040229885057,58,34,0.5862068965517241,34,225,1285
231.0,2026-08-02T15:42:09,Hello world!,Pending ML Model (TBD),1,0,96,0.0,347,5664,0.06126412429378531,59,35,0.5932203389830508,35,226,1394
234.0,2026-08-02T15:42:12,Hello world!,Pending ML Model (TBD),1,8,96,0.08333333333333333,355,5760,0.06163194444444445,60,35,0.5833333333333334,35,226,1405
237.0,2026-08-02T15:42:15,Hello world!,Pending ML Model (TBD),1,0,96,0.0,355,5856,0.06062158469945355,61,36,0.5901639344262295,35,226,1440
240.0,2026-08-02T15:42:18,Hello world!,Pending ML Model (TBD),0,0,0,,355,5856,0.06062158469945355,61,36,0.5901639344262295,35,226,1440
243.0,2026-08-02T15:42:21,Hello world!,Pending ML Model (TBD),1,8,96,0.08333333333333333,363,5952,0.06098790322580645,62,36,0.5806451612903226,35,226,1458
246.0,2026-08-02T15:42:24,Hello world!,Pending ML Model (TBD),1,0,96,0.0,363,6048,0.06001984126984127,63,37,0.5873015873015873,35,226,1442
249.0,2026-08-02T15:42:27,Hello world!,Pending ML Model (TBD),0,0,0,,363,6048,0.06001984126984127,63,37,0.5873015873015873,35,234,1072
252.0,2026-08-02T15:42:30,Hello world!,Pending ML Model (TBD),1,8,96,0.08333333333333333,371,6144,0.060384114583333336,64,37,0.578125,35,234,1451
255.0,2026-08-02T15:42:33,Hello world!,Pending ML Model (TBD),1,0,96,0.0,371,6240,0.0594551282051282,65,38,0.5846153846153846,36,237,1254
258.0,2026-08-02T15:42:36,Hello world!,Pending ML Model (TBD),1,8,96,0.08333333333333333,379,6336,0.05981691919191919,66,38,0.5757575757575758,36,237,1438
261.0,2026-08-02T15:42:39,Hello world!,Pending ML Model (TBD),0,0,0,,379,6336,0.05981691919191919,66,38,0.5757575757575758,36,237,1438
264.0,2026-08-02T15:42:42,Hello world!,Pending ML Model (TBD),1,0,96,0.0,379,6432,0.05892412935323383,67,39,0.582089552238806,36,237,1287
267.0,2026-08-02T15:42:45,Hello world!,Pending ML Model (TBD),1,8,96,0.08333333333333333,387,6528,0.059283088235294115,68,39,0.5735294117647058,36,237,1430
270.0,2026-08-02T15:42:48,Hello world!,Pending ML Model (TBD),1,0,96,0.0,387,6624,0.058423913043478264,69,40,0.5797101449275363,36,237,1423
273.0,2026-08-02T15:42:51,Hello world!,Pending ML Model (TBD),0,0,0,,387,6624,0.058423913043478264,69,40,0.5797101449275363,36,237,1423
276.0,2026-08-02T15:42:54,Hello world!,Pending ML Model (TBD),1,0,96,0.0,387,6720,0.05758928571428571,70,41,0.5857142857142857,36,237,1432
279.0,2026-08-02T15:42:57,Hello world!,Pending ML Model (TBD),0,0,0,,387,6720,0.05758928571428571,70,41,0.5857142857142857,36,237,1432
282.0,2026-08-02T15:43:00,Hello world!,Pending ML Model (TBD),1,96,96,1.0,483,6816,0.07086267605633803,71,41,0.5774647887323944,36,237,1246
285.0,2026-08-02T15:43:03,Hello world!,Pending ML Model (TBD),0,0,0,,483,6816,0.07086267605633803,71,41,0.5774647887323944,36,237,1246
288.0,2026-08-02T15:43:06,Hello world!,Pending ML Model (TBD),1,0,96,0.0,483,6912,0.06987847222222222,72,42,0.5833333333333334,36,237,1430
291.0,2026-08-02T15:43:09,Hello world!,Pending ML Model (TBD),1,0,96,0.0,483,7008,0.06892123287671233,73,43,0.589041095890411,36,237,1419
294.0,2026-08-02T15:43:12,Hello world!,Pending ML Model (TBD),0,0,0,,483,7008,0.06892123287671233,73,43,0.589041095890411,36,237,1419
297.0,2026-08-02T15:43:15,Hello world!,Pending ML Model (TBD),1,0,96,0.0,483,7104,0.06798986486486487,74,44,0.5945945945945946,36,237,1442
300.0,2026-08-02T15:43:18,Hello world!,Pending ML Model (TBD),1,0,96,0.0,483,7200,0.06708333333333333,75,45,0.6,36,237,1445
303.0,2026-08-02T15:43:21,Hello world!,Pending ML Model (TBD),1,8,96,0.08333333333333333,491,7296,0.06729714912280702,76,45,0.5921052631578947,36,237,1466
306.0,2026-08-02T15:43:24,Hello world!,Pending ML Model (TBD),0,0,0,,491,7296,0.06729714912280702,76,45,0.5921052631578947,36,237,1466
309.0,2026-08-02T15:43:27,Hello world!,Pending ML Model (TBD),1,0,96,0.0,491,7392,0.06642316017316018,77,46,0.5974025974025974,36,237,1447
312.0,2026-08-02T15:43:30,Hello world!,Pending ML Model (TBD),1,8,96,0.08333333333333333,499,7488,0.06663995726495726,78,46,0.5897435897435898,37,241,1474
315.0,2026-08-02T15:43:33,Hello world!,Pending ML Model (TBD),0,0,0,,499,7488,0.06663995726495726,78,46,0.5897435897435898,37,241,1474
318.0,2026-08-02T15:43:36,Hello world!,Pending ML Model (TBD),1,0,96,0.0,499,7584,0.0657964135021097,79,47,0.5949367088607594,37,241,1439
321.0,2026-08-02T15:43:39,Hello world!,Pending ML Model (TBD),1,8,96,0.08333333333333333,507,7680,0.066015625,80,47,0.5875,37,241,1424
324.0,2026-08-02T15:43:42,Hello world!,Pending ML Model (TBD),1,0,96,0.0,507,7776,0.06520061728395062,81,48,0.5925925925925926,37,241,1278
327.0,2026-08-02T15:43:47,Hello world!,Pending ML Model (TBD),1,8,96,0.08333333333333333,515,7872,0.06542174796747967,82,48,0.5853658536585366,38,247,1424
330.0,2026-08-02T15:43:48,Hello world!,Pending ML Model (TBD),0,0,0,,515,7872,0.06542174796747967,82,48,0.5853658536585366,38,247,1424
333.0,2026-08-02T15:43:52,Hello world!,Pending ML Model (TBD),1,0,96,0.0,515,7968,0.06463353413654618,83,49,0.5903614457831325,39,251,1273
336.0,2026-08-02T15:43:54,Hello world!,Pending ML Model (TBD),1,8,96,0.08333333333333333,523,8064,0.0648561507936508,84,49,0.5833333333333334,39,251,1436
339.0,2026-08-02T15:43:57,Hello world!,Pending ML Model (TBD),0,0,0,,523,8064,0.0648561507936508,84,49,0.5833333333333334,39,251,1436
342.0,2026-08-02T15:44:00,Hello world!,Pending ML Model (TBD),1,0,96,0.0,523,8160,0.06409313725490196,85,50,0.5882352941176471,39,251,1348
345.0,2026-08-02T15:44:03,Hello world!,Pending ML Model (TBD),1,8,96,0.08333333333333333,531,8256,0.06431686046511628,86,50,0.5813953488372093,39,251,1433
348.0,2026-08-02T15:44:07,Hello world!,Pending ML Model (TBD),1,0,96,0.0,531,8352,0.06357758620689655,87,51,0.5862068965517241,39,251,1415
351.0,2026-08-02T15:44:10,Hello world!,Pending ML Model (TBD),0,0,0,,531,8352,0.06357758620689655,87,51,0.5862068965517241,39,251,1415
354.0,2026-08-02T15:44:12,Hello world!,Pending ML Model (TBD),1,0,96,0.0,531,8448,0.06285511363636363,88,52,0.5909090909090909,39,251,1349
357.0,2026-08-02T15:44:15,Hello world!,Pending ML Model (TBD),0,0,0,,531,8448,0.06285511363636363,88,52,0.5909090909090909,39,251,1349
360.0,2026-08-02T15:44:18,Hello world!,Pending ML Model (TBD),0,0,0,,531,8448,0.06285511363636363,88,52,0.5909090909090909,39,251,1349
363.0,2026-08-02T15:44:21,Hello world!,Pending ML Model (TBD),1,96,96,1.0,627,8544,0.07338483146067416,89,52,0.5842696629213483,39,251,1446
366.0,2026-08-02T15:44:24,Hello world!,Pending ML Model (TBD),1,8,96,0.08333333333333333,635,8640,0.07349537037037036,90,52,0.5777777777777777,39,251,1407
369.0,2026-08-02T15:44:27,Hello world!,Pending ML Model (TBD),1,0,96,0.0,635,8736,0.07268772893772894,91,53,0.5824175824175825,39,251,1318
372.0,2026-08-02T15:44:30,Hello world!,Pending ML Model (TBD),0,0,0,,635,8736,0.07268772893772894,91,53,0.5824175824175825,39,251,1318
375.0,2026-08-02T15:44:35,Hello world!,Pending ML Model (TBD),1,0,96,0.0,635,8832,0.07189764492753623,92,54,0.5869565217391305,39,251,1236
378.0,2026-08-02T15:44:36,Hello world!,Pending ML Model (TBD),1,0,96,0.0,635,8928,0.07112455197132617,93,55,0.5913978494623656,39,251,1485
381.0,2026-08-02T15:44:39,Hello world!,Pending ML Model (TBD),0,0,0,,635,8928,0.07112455197132617,93,55,0.5913978494623656,40,255,1271
384.0,2026-08-02T15:44:42,Hello world!,Pending ML Model (TBD),1,8,96,0.08333333333333333,643,9024,0.07125443262411348,94,55,0.5851063829787234,40,255,1337
387.0,2026-08-02T15:44:45,Hello world!,Pending ML Model (TBD),1,0,96,0.0,643,9120,0.07050438596491228,95,56,0.5894736842105263,40,255,1436
390.0,2026-08-02T15:44:48,Hello world!,Pending ML Model (TBD),1,0,96,0.0,643,9216,0.06976996527777778,96,57,0.59375,40,255,1245
393.0,2026-08-02T15:44:51,Hello world!,Pending ML Model (TBD),0,0,0,,643,9216,0.06976996527777778,96,57,0.59375,40,255,1245
396.0,2026-08-02T15:44:54,Hello world!,Pending ML Model (TBD),1,0,96,0.0,643,9312,0.06905068728522337,97,58,0.5979381443298969,40,263,1264
399.0,2026-08-02T15:44:57,Hello world!,Pending ML Model (TBD),1,8,96,0.08333333333333333,651,9408,0.06919642857142858,98,58,0.5918367346938775,40,263,1411
402.0,2026-08-02T15:45:00,Hello world!,Pending ML Model (TBD),1,0,96,0.0,651,9504,0.06849747474747475,99,59,0.5959595959595959,40,263,1276
405.0,2026-08-02T15:45:04,Hello world!,Pending ML Model (TBD),0,0,0,,651,9504,0.06849747474747475,99,59,0.5959595959595959,41,267,1262
408.0,2026-08-02T15:45:06,Hello world!,Pending ML Model (TBD),1,8,96,0.08333333333333333,659,9600,0.06864583333333334,100,59,0.59,41,267,1423
411.0,2026-08-02T15:45:09,Hello world!,Pending ML Model (TBD),1,0,96,0.0,659,9696,0.06796617161716172,101,60,0.594059405940594,41,267,1431
414.0,2026-08-02T15:45:12,Hello world!,Pending ML Model (TBD),0,0,0,,659,9696,0.06796617161716172,101,60,0.594059405940594,41,267,1431
417.0,2026-08-02T15:45:15,Hello world!,Pending ML Model (TBD),1,0,96,0.0,659,9792,0.06729983660130719,102,61,0.5980392156862745,41,267,1405
420.0,2026-08-02T15:45:19,Hello world!,Pending ML Model (TBD),0,0,0,,659,9792,0.06729983660130719,102,61,0.5980392156862745,41,267,1405
423.0,2026-08-02T15:45:21,Hello world!,Pending ML Model (TBD),1,96,96,1.0,755,9888,0.0763551779935275,103,61,0.5922330097087378,41,267,1401
426.0,2026-08-02T15:45:24,Hello world!,Pending ML Model (TBD),0,0,0,,755,9888,0.0763551779935275,103,61,0.5922330097087378,41,267,1401
429.0,2026-08-02T15:45:27,Hello world!,Pending ML Model (TBD),1,0,96,0.0,755,9984,0.07562099358974358,104,62,0.5961538461538461,41,267,1485
432.0,2026-08-02T15:45:30,Hello world!,Pending ML Model (TBD),1,0,96,0.0,755,10080,0.07490079365079365,105,63,0.6,41,267,1409
435.0,2026-08-02T15:45:33,Hello world!,Pending ML Model (TBD),0,0,0,,755,10080,0.07490079365079365,105,63,0.6,41,267,1409
438.0,2026-08-02T15:45:36,Hello world!,Pending ML Model (TBD),1,0,96,0.0,755,10176,0.07419418238993711,106,64,0.6037735849056604,41,267,1225
441.0,2026-08-02T15:45:39,Hello world!,Pending ML Model (TBD),1,0,96,0.0,755,10272,0.07350077881619937,107,65,0.6074766355140186,41,267,1427
444.0,2026-08-02T15:45:42,Hello world!,Pending ML Model (TBD),1,8,96,0.08333333333333333,763,10368,0.07359182098765432,108,65,0.6018518518518519,42,273,1421
447.0,2026-08-02T15:45:45,Hello world!,Pending ML Model (TBD),0,0,0,,763,10368,0.07359182098765432,108,65,0.6018518518518519,42,273,1421
450.0,2026-08-02T15:45:49,Hello world!,Pending ML Model (TBD),1,0,96,0.0,763,10464,0.07291666666666667,109,66,0.6055045871559633,42,273,1435
453.0,2026-08-02T15:45:51,Hello world!,Pending ML Model (TBD),1,0,96,0.0,763,10560,0.07225378787878788,110,67,0.6090909090909091,42,273,1438
456.0,2026-08-02T15:45:54,Hello world!,Pending ML Model (TBD),1,0,96,0.0,763,10656,0.07160285285285285,111,68,0.6126126126126126,42,273,1434
459.0,2026-08-02T15:45:57,Hello world!,Pending ML Model (TBD),0,0,0,,763,10656,0.07160285285285285,111,68,0.6126126126126126,42,273,1434
462.0,2026-08-02T15:46:02,Hello world!,Pending ML Model (TBD),1,0,96,0.0,763,10752,0.07096354166666667,112,69,0.6160714285714286,42,273,1311
465.0,2026-08-02T15:46:04,Hello world!,Pending ML Model (TBD),1,0,96,0.0,763,10848,0.07033554572271386,113,70,0.6194690265486725,43,274,1160
468.0,2026-08-02T15:46:06,Hello world!,Pending ML Model (TBD),0,0,0,,763,10848,0.07033554572271386,113,70,0.6194690265486725,43,274,1160
471.0,2026-08-02T15:46:09,Hello world!,Pending ML Model (TBD),1,8,96,0.08333333333333333,771,10944,0.07044956140350878,114,70,0.6140350877192983,43,274,1408
474.0,2026-08-02T15:46:13,Hello world!,Pending ML Model (TBD),1,0,96,0.0,771,11040,0.06983695652173913,115,71,0.6173913043478261,44,275,1433
477.0,2026-08-02T15:46:15,Hello world!,Pending ML Model (TBD),1,8,96,0.08333333333333333,779,11136,0.06995330459770115,116,71,0.6120689655172413,44,275,1330
480.0,2026-08-02T15:46:18,Hello world!,Pending ML Model (TBD),0,0,0,,779,11136,0.06995330459770115,116,71,0.6120689655172413,44,275,1330
483.0,2026-08-02T15:46:21,Hello world!,Pending ML Model (TBD),1,0,96,0.0,779,11232,0.0693554131054131,117,72,0.6153846153846154,45,280,1119
486.0,2026-08-02T15:46:24,Hello world!,Pending ML Model (TBD),1,8,96,0.08333333333333333,787,11328,0.06947387005649718,118,72,0.6101694915254238,45,280,1471
489.0,2026-08-02T15:46:27,Hello world!,Pending ML Model (TBD),0,0,0,,787,11328,0.06947387005649718,118,72,0.6101694915254238,45,288,1301
492.0,2026-08-02T15:46:31,Hello world!,Pending ML Model (TBD),0,0,0,,787,11328,0.06947387005649718,118,72,0.6101694915254238,45,288,1301
495.0,2026-08-02T15:46:33,Hello world!,Pending ML Model (TBD),1,96,96,1.0,883,11424,0.07729341736694678,119,72,0.6050420168067226,45,288,1442
498.0,2026-08-02T15:46:36,Hello world!,Pending ML Model (TBD),1,8,96,0.08333333333333333,891,11520,0.07734375,120,72,0.6,46,289,1207
501.0,2026-08-02T15:46:39,Hello world!,Pending ML Model (TBD),0,0,0,,891,11520,0.07734375,120,72,0.6,46,289,1207
504.0,2026-08-02T15:46:42,Hello world!,Pending ML Model (TBD),1,0,96,0.0,891,11616,0.07670454545454546,121,73,0.6033057851239669,46,289,1409
507.0,2026-08-02T15:46:45,Hello world!,Pending ML Model (TBD),1,0,96,0.0,891,11712,0.07607581967213115,122,74,0.6065573770491803,46,289,1432
510.0,2026-08-02T15:46:51,Hello world!,Pending ML Model (TBD),1,0,96,0.0,891,11808,0.07545731707317073,123,75,0.6097560975609756,47,290,1121
513.4,2026-08-02T15:46:51,Hello world!,Pending ML Model (TBD),0,0,0,,891,11808,0.07545731707317073,123,75,0.6097560975609756,47,290,1121
516.0,2026-08-02T15:46:54,Hello world!,Pending ML Model (TBD),1,8,96,0.08333333333333333,899,11904,0.07552083333333333,124,75,0.6048387096774194,47,290,1287
519.0,2026-08-02T15:46:57,Hello world!,Pending ML Model (TBD),1,0,96,0.0,899,12000,0.07491666666666667,125,76,0.608,47,290,1486
522.0,2026-08-02T15:47:01,Hello world!,Pending ML Model (TBD),1,0,96,0.0,899,12096,0.07432208994708994,126,77,0.6111111111111112,47,290,1377
525.0,2026-08-02T15:47:03,Hello world!,Pending ML Model (TBD),0,0,0,,899,12096,0.07432208994708994,126,77,0.6111111111111112,47,290,1377
528.0,2026-08-02T15:47:06,Hello world!,Pending ML Model (TBD),1,0,96,0.0,899,12192,0.07373687664041995,127,78,0.6141732283464567,47,290,1454
531.0,2026-08-02T15:47:09,Hello world!,Pending ML Model (TBD),1,8,96,0.08333333333333333,907,12288,0.07381184895833333,128,78,0.609375,47,290,1426
534.0,2026-08-02T15:47:12,Hello world!,Pending ML Model (TBD),0,0,0,,907,12288,0.07381184895833333,128,78,0.609375,47,290,1426
537.0,2026-08-02T15:47:15,Hello world!,Pending ML Model (TBD),1,0,96,0.0,907,12384,0.07323966408268734,129,79,0.6124031007751938,48,296,1245
540.0,2026-08-02T15:47:18,Hello world!,Pending ML Model (TBD),1,8,96,0.08333333333333333,915,12480,0.0733173076923077,130,79,0.6076923076923076,48,296,1300
543.0,2026-08-02T15:47:21,Hello world!,Pending ML Model (TBD),1,0,96,0.0,915,12576,0.07275763358778627,131,80,0.6106870229007634,48,296,1425
546.0,2026-08-02T15:47:24,Hello world!,Pending ML Model (TBD),0,0,0,,915,12576,0.07275763358778627,131,80,0.6106870229007634,49,302,1225
549.0,2026-08-02T15:47:27,Hello world!,Pending ML Model (TBD),1,8,96,0.08333333333333333,923,12672,0.07283775252525253,132,80,0.6060606060606061,49,302,1407
552.0,2026-08-02T15:47:30,Hello world!,Pending ML Model (TBD),1,0,96,0.0,923,12768,0.07229010025062657,133,81,0.6090225563909775,49,302,1452
555.0,2026-08-02T15:47:35,Hello world!,Pending ML Model (TBD),1,0,96,0.0,923,12864,0.07175062189054726,134,82,0.6119402985074627,49,302,1416
558.0,2026-08-02T15:47:37,Hello world!,Pending ML Model (TBD),0,0,0,,923,12864,0.07175062189054726,134,82,0.6119402985074627,49,302,1416
561.0,2026-08-02T15:47:39,Hello world!,Pending ML Model (TBD),1,0,96,0.0,923,12960,0.07121913580246914,135,83,0.6148148148148148,49,310,1323
564.0,2026-08-02T15:47:42,Hello world!,Pending ML Model (TBD),1,8,96,0.08333333333333333,931,13056,0.07130821078431372,136,83,0.6102941176470589,49,310,1452
567.0,2026-08-02T15:47:45,Hello world!,Pending ML Model (TBD),0,0,0,,931,13056,0.07130821078431372,136,83,0.6102941176470589,49,310,1452
570.0,2026-08-02T15:47:48,Hello world!,Pending ML Model (TBD),1,0,96,0.0,931,13152,0.07078771289537712,137,84,0.6131386861313869,49,310,1434
573.0,2026-08-02T15:47:51,Hello world!,Pending ML Model (TBD),1,0,96,0.0,931,13248,0.07027475845410629,138,85,0.6159420289855072,49,310,1473
576.0,2026-08-02T15:47:54,Hello world!,Pending ML Model (TBD),1,8,96,0.08333333333333333,939,13344,0.07036870503597123,139,85,0.6115107913669064,49,310,1410
579.0,2026-08-02T15:47:57,Hello world!,Pending ML Model (TBD),0,0,0,,939,13344,0.07036870503597123,139,85,0.6115107913669064,49,310,1410
582.0,2026-08-02T15:48:00,Hello world!,Pending ML Model (TBD),1,0,96,0.0,939,13440,0.06986607142857143,140,86,0.6142857142857143,49,310,1377
585.0,2026-08-02T15:48:03,Hello world!,Pending ML Model (TBD),1,8,96,0.08333333333333333,947,13536,0.06996158392434988,141,86,0.6099290780141844,49,310,1477
588.0,2026-08-02T15:48:06,Hello world!,Pending ML Model (TBD),1,0,96,0.0,947,13632,0.06946889671361503,142,87,0.6126760563380281,49,310,1187
591.0,2026-08-02T15:48:09,Hello world!,Pending ML Model (TBD),0,0,0,,947,13632,0.06946889671361503,142,87,0.6126760563380281,49,310,1187
594.0,2026-08-02T15:48:12,Hello world!,Pending ML Model (TBD),1,8,96,0.08333333333333333,955,13728,0.06956585081585082,143,87,0.6083916083916084,49,310,1469
597.0,2026-08-02T15:48:15,Hello world!,Pending ML Model (TBD),1,0,96,0.0,955,13824,0.06908275462962964,144,88,0.6111111111111112,49,310,1479
